{
  "intents": [
    {
      "tag": "saludo",
      "patterns": [
        "Hola"
      ],
      "responses": [
        "¡Hola! ¿Cómo puedo ayudarte hoy?"
      ],
      "context_set": ""
    },
    {
      "tag": "despedida",
      "patterns": [
        "Adiós"
      ],
      "responses": [
        "¡Hasta luego!"
      ],
      "context_set": ""
    },
    {
      "tag": "agradecimiento",
      "patterns": [
        "Gracias"
      ],
      "responses": [
        "¡De nada!"
      ],
      "context_set": ""
    },
    {
      "tag": "reformulacion",
      "patterns": [
        "reformula la pregunta"
      ],
      "responses": [
        "intentarlo de nuevo o prefieres cambiar de tema"
      ],
      "context_filter": [
        "destino",
        "producto",
        "informacion",
        "fecha",
        "ocio",
        "compra",
        "precios"
      ]
    },
    {
      "tag": "salida",
      "patterns": [
        "Salir"
      ],
      "responses": [
        "De acuerdo"
      ],
      "context_filter": "",
      "context_set": ""
    },
    {
      "tag": "set_destino",
      "patterns": [
        "Quiero viajar al Maresme",
        "Mi destino es Barcelona",
        "Me gustaría viajar a Barcelona",
        "Quiero ir de viaje a [destino]",
        "Estoy pensando en visitar [destino]",
        "Mi destino es [destino]",
        "Me interesa viajar a [destino]",
        "¿Cómo llego a Barcelona?",
        "Tengo planeado un viaje a [destino]",
        "Mi próximo viaje será a [destino]",
        "Planeo unas vacaciones en [destino]",
        "Quiero saber más sobre [destino]"
      ],
      "responses": [
        "¡Perfecto! ¿Te gustaría más información sobre viajes a {destino}?"
      ],
      "context_set": "destino"
    },
    {
      "tag": "set_producto",
      "patterns": [
        "Productos",
        "Estoy interesado en comprar productos",
        "¿Qué productos tienes disponibles?",
        "Quiero ver algunos productos",
        "Me gustaría saber más sobre los productos",
        "Quiero información sobre productos",
        "Enséñame los productos que tienes",
        "Quiero comprar un producto",
        "¿Tienes productos en oferta?",
        "¿Qué tipo de productos vendes?",
        "Muéstrame los mejores productos"
      ],
      "responses": [
        "ok productos"
      ],
      "context_set": "producto"
    },
    {
      "tag": "set_informacion",
      "patterns": [
        "Información",
        "Necesito información sobre algo",
        "Quiero saber más detalles",
        "Dame información, por favor",
        "¿Tienes información sobre esto?",
        "Me gustaría obtener más información",
        "Quiero saber más sobre este tema",
        "Dame datos relevantes, por favor",
        "Necesito más detalles de esto",
        "Quiero aprender más sobre esta cuestión",
        "¿Qué información tienes al respecto?"
      ],
      "responses": [
        "ok información"
      ],
      "context_set": "informacion"
    },
    {
      "tag": "set_fecha",
      "patterns": [
        "fecha viaje",
        "mes viaje",
        "temporada viaje",
        "Estoy pensando en viajar en [mes]",
        "¿Cuándo es la mejor fecha para viajar?",
        "Quiero planear mi viaje para [fecha]",
        "Mi viaje será el [día] de [mes]",
        "¿Qué fechas tienes disponibles para viajar?",
        "Planeo salir en [fecha]",
        "Quiero saber más sobre fechas de viaje",
        "Me gustaría viajar en [temporada]",
        "¿Cuándo puedo viajar?",
        "¿Tienes fechas libres en [mes]?"
      ],
      "responses": [
        "¿Cuándo te gustaría viajar?"
      ],
      "context_set": "fecha"
    },
    {
      "tag": "set_ocio",
      "patterns": [
        "Quiero hacer algo divertido en mi viaje",
        "¿Qué actividades de ocio recomiendas?",
        "Me interesa el ocio en [destino]",
        "Quiero información sobre actividades recreativas",
        "¿Qué puedo hacer en mi tiempo libre?",
        "Estoy buscando actividades para disfrutar",
        "¿Qué tipo de ocio hay disponible?",
        "Quiero saber sobre entretenimiento en [destino]",
        "Recomiéndame actividades para hacer en [destino]",
        "Quiero participar en actividades recreativas"
      ],
      "responses": [
        "¿Cuándo te gustaría viajar?"
      ],
      "context_set": "ocio"
    },
    {
      "tag": "set_precios",
      "patterns": [
        "Tengo un presupuesto de X",
        "¿Cuánto cuesta viajar a [destino]?",
        "Mi presupuesto es de [cantidad]",
        "Quiero saber el precio de los productos",
        "¿Qué precios manejas para los viajes?",
        "Tengo un presupuesto limitado",
        "¿Cuál es el costo de las actividades?",
        "Quiero algo económico",
        "¿Cuánto me costará el viaje?",
        "¿Qué opciones hay para mi presupuesto?",
        "Dame una cotización para el viaje"
      ],
      "responses": [
        "Con X, puedo sugerirte algunas opciones. ¿Te interesa?"
      ],
      "context_set": "precios"
    },
    {
      "tag": "set_compra",
      "patterns": [
        "fecha viaje",
        "mes viaje",
        "temporada viaje",
        "Quiero hacer una compra",
        "Estoy interesado en comprar algo",
        "Me gustaría comprar un producto",
        "Quiero hacer una reserva",
        "¿Cómo puedo comprar este producto?",
        "Estoy listo para hacer una compra",
        "¿Puedo comprar esto ahora?",
        "Quiero adquirir ese servicio",
        "Quiero comprar un boleto para viajar",
        "¿Cómo hago para realizar la compra?"
      ],
      "responses": [
        "¿Cuándo te gustaría viajar?"
      ],
      "context_set": "fecha"
    }
      
    ,


    {
      "tag": "destino_info",
      "patterns": [
        "destino información"
      ],
      "responses": [
        "destino información ok"
      ],
      "context_filter": [
        "destino"
      ]
    },
    {
      "tag": "destino_precio",
      "patterns": [
        "destino precio"
      ],
      "responses": [
        "destino precio ok"
      ],
      "context_filter": "destino"
    },
    {
      "tag": "producto_info",
      "patterns": [
        "Producto información"
      ],
      "responses": [
        "producto infomración ok"
      ],
      "context_filter": [
        "producto"
      ]
    },
    {
      "tag": "producto_precio",
      "patterns": [
        "Producto precio"
      ],
      "responses": [
        "Producto precio ok"
      ],
      "context_filter": "producto"
    },
    {
      "tag": "fecha_confirmar",
      "patterns": [
        "el viaje es el 20 de diciembre"
      ],
      "responses": [
        "¿Le gustaria reservar en esta fecha?"
      ],
      "context_filter": "fecha"
    },
    {
      "tag": "fecha_consultar",
      "patterns": [
        "fecha reservada"
      ],
      "responses": [
        "Tu vuelo está programado para el {fecha}. ¿Te gustaría modificarlo?"
      ],
      "context_filter": "fecha"
    },
    {
      "tag": "precio_hotel",
      "patterns": [
        "¿Cuánto cuesta una habitación?"
      ],
      "responses": [
        "Depende de la fecha y tipo. ¿Tienes fechas en mente?"
      ],
      "context_filter": "precios"
    },
    {
      "tag": "precio_ocio",
      "patterns": [
        "Quiero actividades baratas"
      ],
      "responses": [
        "Hay actividades gratis como museos y parques."
      ],
      "context_filter": "precios"
    },
    {
      "tag": "precio_vuelo",
      "patterns": [
        "¿Cuánto cuesta un vuelo?"
      ],
      "responses": [
        "Depende de la fecha y destino. ¿Tienes algo en mente?"
      ],
      "context_filter": "precios"
    },
    {
      "tag": "precio_limite",
      "patterns": [
        "Tengo un presupuesto limitado"
      ],
      "responses": [
        "Te recomiendo nuestro pack económico. ¿Te interesa?"
      ],
      "context_filter": "precios"
    },
    {
      "tag": "precio_hotel_economico",
      "patterns": [
        "Busco un hotel barato"
      ],
      "responses": [
        "Ofrecemos hoteles económicos. ¿Quieres ver fechas disponibles?"
      ],
      "context_filter": "precios"
    },
    {
      "tag": "precio_vuelo_economico",
      "patterns": [
        "Busco un vuelo barato"
      ],
      "responses": [
        "Tenemos vuelos económicos. ¿Tienes fechas y destino?"
      ],
      "context_filter": "precios"
    },
    {
      "tag": "precio_ocio_economico",
      "patterns": [
        "Busco ocio barato"
      ],
      "responses": [
        "Hay actividades económicas como tours gratuitos."
      ],
      "context_filter": "precios"
    },
    {
      "tag": "precio_pack_economico",
      "patterns": [
        "Quiero un pack de viaje barato"
      ],
      "responses": [
        "Nuestro pack incluye vuelo, hotel y actividades económicas."
      ],
      "context_filter": "precios"
    }
  ]
}